id,company_name,created_at,updated_at
c001,ClientCorp 1,2025-03-20 18:46:09.292731,2025-04-19 18:46:09.292731
c002,ClientCorp 2,2025-03-20 18:46:09.292731,2025-04-19 18:46:09.292731
c003,ClientCorp 3,2025-03-20 18:46:09.292731,2025-04-19 18:46:09.292731
c004,ClientCorp 4,2025-03-20 18:46:09.292731,2025-04-19 18:46:09.292731
c005,ClientCorp 5,2025-03-20 18:46:09.292731,2025-04-19 18:46:09.292731
c006,ClientCorp 6,2025-03-20 18:46:09.292731,2025-04-19 18:46:09.292731
c007,ClientCorp 7,2025-03-20 18:46:09.292731,2025-04-19 18:46:09.292731
c008,ClientCorp 8,2025-03-20 18:46:09.292731,2025-04-19 18:46:09.292731
c009,ClientCorp 9,2025-03-20 18:46:09.292731,2025-04-19 18:46:09.292731
c010,ClientCorp 10,2025-03-20 18:46:09.292731,2025-04-19 18:46:09.292731
