id,name,email,created_at,updated_at
d001,Designer 1,designer1@designhub.com,2025-03-20 18:46:09.292731,2025-04-19 18:46:09.292731
d002,Designer 2,designer2@designhub.com,2025-03-20 18:46:09.292731,2025-04-19 18:46:09.292731
d003,Designer 3,designer3@designhub.com,2025-03-20 18:46:09.292731,2025-04-19 18:46:09.292731
d004,Designer 4,designer4@designhub.com,2025-03-20 18:46:09.292731,2025-04-19 18:46:09.292731
d005,Designer 5,designer5@designhub.com,2025-03-20 18:46:09.292731,2025-04-19 18:46:09.292731
d006,Designer 6,designer6@designhub.com,2025-03-20 18:46:09.292731,2025-04-19 18:46:09.292731
d007,Designer 7,designer7@designhub.com,2025-03-20 18:46:09.292731,2025-04-19 18:46:09.292731
d008,Designer 8,designer8@designhub.com,2025-03-20 18:46:09.292731,2025-04-19 18:46:09.292731
d009,Designer 9,designer9@designhub.com,2025-03-20 18:46:09.292731,2025-04-19 18:46:09.292731
d010,Designer 10,designer10@designhub.com,2025-03-20 18:46:09.292731,2025-04-19 18:46:09.292731
