id,project_id,revision_number,notes,created_at,updated_at
b137a2ab,p0001,1,Revision 1 for p0001,2025-03-20 18:46:09.292731,2025-04-19 18:46:09.292731
b52e9df3,p0001,2,Revision 2 for p0001,2025-03-20 18:46:09.292731,2025-04-19 18:46:09.292731
8c02e335,p0002,1,Revision 1 for p0002,2025-03-20 18:46:09.292731,2025-04-19 18:46:09.292731
921aaa13,p0002,2,Revision 2 for p0002,2025-03-20 18:46:09.292731,2025-04-19 18:46:09.292731
1b590623,p0002,3,Revision 3 for p0002,2025-03-20 18:46:09.292731,2025-04-19 18:46:09.292731
c1108a94,p0002,4,Revision 4 for p0002,2025-03-20 18:46:09.292731,2025-04-19 18:46:09.292731
f5b50da0,p0002,5,Revision 5 for p0002,2025-03-20 18:46:09.292731,2025-04-19 18:46:09.292731
94c13a8b,p0003,1,Revision 1 for p0003,2025-03-20 18:46:09.292731,2025-04-19 18:46:09.292731
1d487e0c,p0003,2,Revision 2 for p0003,2025-03-20 18:46:09.292731,2025-04-19 18:46:09.292731
cb220fe1,p0003,3,Revision 3 for p0003,2025-03-20 18:46:09.292731,2025-04-19 18:46:09.292731
